"anonym_id","brt_1","brt_2","brt_3","brt_4","pps_1","pps_2","pps_3","pps_4","pps_5","pps_6","ppa_7","ppa_8","ppa_9","ppa_10","ppa_11","ppa_12","ppr_13","ppr_14","ppr_15","ppr_16","ppr_17","ppr_18","jis_1","jis_2","jis_3","jis_4","wlb_1","wlb_2","wlb_3","wlb_4","wld_1","wld_2","wld_3","wld_4","soc_1","soc_2","soc_3","soc_4","soc_5","soc_6","opp_1","opp_2","opp_3","qrp_1","qrp_2","qrp_3","qrp_4","qrp_5","qrp_6","qrp_7","qrp_8","inf_1","inf_2","inf_3","inf_4","inf_5","inf_6","mng_1","mng_2","rla_1","rla_2","rla_3","rla_4","rla_5","rla_6","rlc_7","rlc_8","rlc_9","rlc_10","rlc_11","rlc_12","pay_1","pay_2","tol_1","tol_2","gen_1","gen_2"
2,3,2,NA,NA,4,4,5,3,4,5,5,5,5,5,4,4,5,5,4,4,3,3,5,4,2,3,4,4,4,3,4,2,4,2,4,5,5,4,4,3,5,4,5,4,4,1,1,2,NA,NA,NA,3,3,2,3,4,4,5,4,3,5,2,5,3,5,7,3,4,4,5,3,2,3,5,5,5,5
8,4,4,NA,NA,1,1,1,1,5,5,1,1,1,1,5,NA,1,1,1,5,5,1,3,3,3,3,1,5,1,2,5,4,3,4,5,5,5,5,5,5,1,1,1,1,1,1,1,1,NA,NA,NA,5,5,5,5,5,5,5,5,7,7,7,1,1,1,7,7,7,1,1,1,1,1,1,1,7,7
10,2,1,NA,NA,2,4,3,2,2,4,4,5,4,4,3,4,3,4,2,3,4,4,5,5,5,5,2,4,3,2,2,3,3,3,1,2,1,2,2,3,4,4,4,1,1,1,1,1,NA,NA,NA,4,3,3,4,3,4,4,4,4,4,5,4,3,4,5,4,6,3,4,4,3,2,4,5,7,6
11,3,3,NA,NA,3,3,3,3,3,3,3,3,3,3,3,3,3,3,3,3,3,3,3,3,3,3,3,3,3,3,3,3,3,3,3,3,3,3,3,3,3,3,3,1,1,1,1,1,NA,NA,NA,3,3,3,3,3,3,3,3,4,4,4,4,4,4,4,4,4,4,4,4,4,4,4,4,4,4
12,1,1,NA,NA,1,1,1,1,5,5,1,1,1,1,5,1,1,1,1,5,5,1,5,1,5,5,5,2,5,2,1,2,1,5,1,1,1,1,1,1,1,1,1,4,4,3,4,3,NA,NA,NA,1,1,1,1,1,1,1,1,3,3,2,5,4,4,4,3,4,4,5,6,4,3,3,4,2,4
13,3,1,NA,NA,3,4,5,4,3,4,2,4,5,5,4,3,5,5,4,4,3,2,4,4,4,5,2,4,4,3,3,4,5,4,5,5,5,5,5,5,5,5,5,1,1,1,1,1,NA,NA,NA,4,5,3,5,3,5,4,4,5,2,2,5,3,5,5,4,3,6,5,4,2,6,2,2,6,5
14,2,2,NA,NA,1,4,2,2,2,5,4,5,5,5,4,5,2,2,3,4,4,2,2,4,2,2,3,3,3,3,3,3,3,3,3,3,3,3,3,3,3,3,3,NA,NA,NA,NA,NA,NA,NA,NA,4,4,4,4,4,4,4,4,6,6,6,2,2,2,6,6,6,2,2,2,6,6,6,6,6,6
15,5,5,NA,NA,5,5,5,5,1,1,5,5,5,5,1,5,5,5,5,1,1,5,1,5,1,1,1,5,1,1,5,5,5,1,5,5,5,5,5,5,1,1,1,1,1,1,1,1,NA,NA,NA,5,5,5,5,5,5,1,1,1,1,1,7,7,7,1,1,1,7,7,7,7,7,1,1,7,7
19,1,1,1,1,2,2,1,1,5,5,1,1,1,1,5,1,1,1,1,5,5,1,5,1,4,4,4,1,4,4,3,2,NA,4,NA,4,NA,1,NA,NA,NA,NA,NA,2,2,2,2,2,NA,NA,4,NA,NA,NA,NA,NA,NA,NA,NA,1,2,2,6,6,6,2,2,2,5,4,3,2,3,3,4,4,5
20,5,5,5,5,5,5,5,5,1,5,5,5,5,5,5,5,1,5,5,1,1,1,1,1,1,1,5,5,5,5,5,1,5,1,1,1,1,1,1,1,1,3,1,1,1,1,1,2,1,1,1,1,3,2,1,3,2,1,1,1,7,1,7,7,7,7,1,7,7,7,1,7,7,7,1,1,1
21,3,3,2,2,1,5,5,4,2,5,1,5,4,4,2,4,1,4,5,5,3,4,2,2,1,4,5,5,5,5,5,5,5,4,3,2,2,3,4,1,4,4,4,1,1,1,2,3,1,1,2,4,5,2,4,3,4,3,2,1,6,1,2,2,4,7,1,2,6,7,7,2,2,1,6,2,2
22,4,4,2,4,1,1,4,2,4,1,2,4,5,3,2,3,4,4,5,5,3,5,4,4,2,4,3,3,3,2,3,4,3,3,5,5,4,4,4,2,4,5,5,1,1,1,2,1,1,1,1,5,5,3,4,5,5,4,4,6,6,3,3,5,2,7,2,3,6,4,6,2,2,2,6,6,5
24,3,3,3,4,4,4,4,4,4,4,5,5,5,5,4,5,4,4,2,3,3,2,4,3,2,3,5,5,5,5,4,3,3,4,3,3,3,2,2,2,4,4,4,1,1,1,1,1,1,1,1,3,3,2,3,3,3,3,3,6,6,2,3,3,3,6,2,4,4,6,4,5,5,2,3,2,2
25,3,3,2,2,3,3,5,4,3,3,4,4,4,4,2,3,2,4,5,3,3,3,5,5,3,4,4,4,4,4,4,1,4,4,2,2,2,3,4,3,4,5,5,1,1,1,2,3,1,1,1,4,4,2,3,3,4,5,5,6,4,3,3,5,3,5,5,3,4,4,6,4,4,7,5,5,4
26,3,3,2,4,4,5,5,4,4,4,3,4,4,4,3,5,4,4,5,5,4,4,4,4,3,4,4,4,4,4,4,4,4,4,4,4,3,4,4,3,3,4,3,1,1,1,1,2,1,3,3,4,4,3,4,2,3,4,4,6,4,3,2,6,3,5,5,3,5,5,6,2,2,2,4,5,6
27,2,2,2,2,1,2,2,2,2,1,3,4,4,4,2,5,5,5,5,5,5,4,5,5,5,5,1,1,1,1,3,4,3,2,5,5,3,4,4,3,5,5,5,1,1,1,1,2,1,1,1,4,3,3,4,3,4,4,3,1,3,5,3,2,6,5,2,3,6,2,7,6,6,6,6,6,6
28,2,3,2,3,2,2,4,3,4,2,2,3,3,4,2,4,4,4,4,4,2,4,4,4,2,5,2,1,2,2,4,4,4,4,3,3,2,4,4,3,4,4,4,2,1,1,2,4,1,2,3,4,4,3,3,3,4,3,3,3,5,3,4,2,3,7,2,5,3,5,3,7,6,6,5,5,5
29,3,3,2,4,5,2,4,3,3,1,5,5,5,5,3,5,4,4,4,3,2,3,5,5,3,5,1,1,2,1,3,3,1,2,5,5,2,4,4,1,3,4,3,3,1,3,1,3,1,3,3,4,3,2,3,4,5,4,4,5,4,5,2,6,3,1,3,1,7,4,7,3,5,2,5,5,5
30,4,3,2,3,2,5,4,4,3,3,4,4,4,5,4,4,4,4,4,4,4,4,5,5,4,4,4,4,3,2,3,3,3,3,2,1,1,3,3,3,3,4,4,1,1,1,2,2,1,1,1,3,4,3,4,4,4,4,4,3,5,3,3,3,3,5,5,3,5,5,4,2,2,2,2,5,5
31,4,1,2,3,2,4,5,1,2,4,4,5,5,5,3,5,4,4,2,2,2,4,4,4,4,4,4,5,5,4,4,5,5,5,4,4,2,3,4,3,5,5,4,2,2,2,1,2,1,1,2,3,3,2,2,3,4,4,4,7,1,7,3,6,5,3,6,1,7,1,7,5,5,5,5,6,6
32,2,2,1,2,2,2,4,2,2,2,2,2,2,2,2,2,4,3,4,4,4,4,4,4,2,3,1,1,1,1,3,2,3,2,4,4,3,4,4,3,5,5,5,1,1,1,1,2,1,1,1,5,5,3,4,4,4,5,4,6,5,3,4,5,2,7,2,2,6,5,2,7,7,2,6,6,4
33,2,3,2,2,2,3,2,2,2,2,4,5,5,5,4,5,3,4,4,4,4,5,1,4,2,2,1,2,1,1,2,3,2,2,4,4,4,5,4,4,4,4,4,2,1,1,2,1,1,1,3,4,4,4,4,5,4,3,2,6,1,5,3,6,1,2,2,1,7,2,7,5,5,5,7,4,4
35,4,4,3,4,5,5,5,5,4,5,4,4,4,5,4,4,5,4,5,4,2,3,4,4,1,4,5,5,5,5,5,5,5,5,4,5,3,4,4,3,3,4,4,1,1,2,3,4,1,2,1,4,3,2,3,2,3,4,3,5,7,2,4,2,4,7,3,4,6,7,2,2,2,1,2,3,4
36,4,3,2,4,5,3,3,4,2,4,4,4,4,4,4,4,4,4,3,3,3,3,1,1,1,1,3,3,3,3,3,3,3,3,5,5,4,3,3,3,4,4,4,1,1,1,1,2,1,1,1,3,1,3,3,3,3,3,3,5,7,4,3,5,5,6,4,3,5,5,4,5,5,4,5,4,4
37,4,2,3,3,2,3,2,2,2,4,3,3,5,4,5,5,5,5,5,4,3,4,2,2,1,2,2,4,3,2,4,3,3,3,5,5,3,5,5,3,4,4,4,1,1,2,1,2,1,1,2,3,4,4,4,4,4,4,4,3,2,6,6,3,3,2,6,4,4,2,6,3,3,3,6,5,5
38,4,5,4,4,4,4,4,5,2,1,4,4,4,2,4,2,3,4,3,3,2,4,2,4,3,2,1,5,1,2,4,4,4,1,2,2,2,3,4,4,3,3,3,3,3,4,5,4,3,3,3,4,4,4,4,4,4,3,4,5,7,7,3,2,3,6,7,5,1,2,1,6,6,4,5,4,3
39,5,5,5,5,4,2,4,5,3,2,2,5,5,5,1,5,4,4,1,2,3,2,4,3,2,4,2,3,2,2,4,4,4,4,1,1,1,2,2,1,2,1,2,1,1,2,1,1,1,1,1,1,1,2,2,1,1,1,1,5,6,4,7,3,6,2,2,6,2,2,2,4,4,3,1,1,1
40,4,4,2,3,4,4,5,4,2,4,4,4,4,5,4,4,2,3,4,3,4,4,5,5,5,5,4,4,3,4,3,4,3,4,3,1,1,1,3,2,2,4,2,1,1,1,2,1,1,1,1,4,4,3,3,4,4,4,4,3,5,3,3,5,4,5,3,4,3,4,2,2,2,3,3,6,6
41,3,4,3,4,4,4,5,4,3,3,3,4,4,5,3,4,3,4,4,3,3,3,2,2,2,2,3,5,4,4,5,4,4,3,3,3,3,4,4,3,5,4,4,2,1,1,2,3,2,2,1,4,4,3,4,3,5,3,3,1,6,1,6,1,7,6,1,6,2,3,6,5,6,2,3,3,3
42,1,1,1,1,1,2,1,1,1,1,1,4,4,1,5,2,5,5,5,5,5,4,5,5,5,5,1,1,1,1,2,2,2,2,5,5,4,5,5,5,4,4,4,1,1,1,1,2,1,1,1,5,5,5,5,5,5,4,3,6,1,6,2,6,1,4,5,1,7,2,7,1,1,3,7,3,3
43,3,1,1,3,2,3,2,1,2,2,3,3,3,4,2,4,4,4,4,4,4,4,3,1,2,4,1,1,1,1,3,2,2,2,4,3,3,3,4,2,4,4,4,1,1,2,2,2,2,2,3,4,4,4,4,4,4,4,4,3,5,3,5,5,5,3,5,3,4,5,7,6,6,6,6,5,5
44,3,2,2,3,2,4,5,4,3,4,2,3,4,3,2,3,4,4,5,5,2,2,4,4,4,4,4,4,4,4,4,4,3,3,4,4,3,4,4,3,5,4,5,1,2,1,2,5,3,5,1,4,4,3,4,3,4,5,4,2,6,3,6,2,6,5,3,5,3,5,6,4,3,3,6,4,3
46,4,3,3,3,4,1,4,4,3,5,3,4,3,5,3,5,3,4,4,4,4,4,4,5,2,4,4,4,4,4,3,1,2,4,1,1,1,2,3,2,2,3,3,3,4,1,3,2,1,2,1,4,4,2,4,4,4,4,4,2,4,4,6,3,6,3,5,2,6,6,3,5,5,5,4,6,5
47,2,1,1,2,1,2,2,1,2,4,3,2,1,2,2,3,5,5,4,5,3,5,5,4,5,5,1,1,2,1,3,3,3,2,4,5,4,4,4,4,4,5,4,1,1,1,3,1,1,3,3,4,3,3,4,4,4,5,5,6,2,4,2,6,2,2,6,1,7,1,7,6,6,5,5,5,5
49,3,1,2,4,2,1,4,1,2,2,5,5,5,1,4,5,5,4,5,3,5,4,4,4,2,3,4,4,4,3,4,4,4,4,4,2,2,4,5,3,5,5,5,1,1,1,1,4,1,1,1,4,4,3,4,3,5,5,5,7,6,3,1,6,4,7,2,1,7,5,4,7,7,6,6,6,6
50,3,2,2,4,3,5,5,4,5,5,3,3,3,4,5,3,4,4,4,4,3,4,2,1,1,2,4,4,4,4,3,4,4,4,2,4,3,3,3,3,3,3,3,1,1,2,1,2,1,1,1,3,3,3,3,3,3,3,3,5,3,2,5,3,5,5,3,2,6,5,5,3,3,2,2,3,3
51,5,5,5,5,5,5,5,5,5,5,4,5,5,5,5,5,1,5,5,2,1,1,1,1,1,1,5,5,1,5,5,5,5,5,1,2,1,1,5,4,1,4,5,4,4,4,2,4,1,2,3,3,1,1,1,1,1,3,3,1,7,1,2,2,7,6,1,7,1,7,1,1,1,1,1,5,5
52,2,2,2,3,2,4,5,2,2,4,4,2,2,3,2,2,4,4,3,4,4,2,5,4,2,5,3,4,4,3,3,4,4,4,5,5,4,5,5,5,5,4,5,1,4,1,1,4,1,1,1,4,4,3,4,4,4,4,4,6,5,3,6,3,6,6,2,3,3,6,3,4,5,4,5,6,6
53,4,3,4,3,3,4,5,4,4,4,2,4,4,4,4,4,2,4,4,4,2,3,4,4,4,4,5,5,5,5,5,4,4,4,3,3,2,4,5,5,3,4,3,1,1,1,1,3,1,1,1,4,4,3,3,3,4,4,4,2,6,2,6,2,6,6,2,3,4,6,4,5,5,7,7,7,7
55,3,2,2,2,4,1,2,2,1,4,3,4,4,3,4,2,3,4,3,4,4,3,1,1,3,1,2,2,2,2,2,2,2,2,4,4,4,4,4,4,3,4,3,2,2,2,4,1,1,2,2,4,2,3,4,4,3,4,3,6,5,4,2,6,1,3,2,1,7,5,3,5,5,5,5,6,5
56,4,3,3,4,3,4,3,2,3,4,5,4,5,4,4,5,4,5,3,4,4,3,4,4,3,4,2,2,2,2,4,3,3,2,5,5,3,4,4,2,4,4,4,3,2,2,3,2,1,1,1,4,3,3,4,3,4,4,3,4,2,4,2,3,5,7,4,2,2,4,4,2,2,1,6,5,4
57,2,1,2,1,1,1,2,1,2,2,3,2,2,3,5,4,3,4,4,4,5,4,5,5,5,5,2,3,2,4,3,3,2,2,3,2,2,4,4,2,5,5,5,5,1,1,3,1,1,1,4,5,5,4,4,4,4,4,5,6,3,3,2,6,2,5,3,1,1,5,6,5,5,2,4,5,5
58,2,2,2,2,2,3,3,2,2,2,3,4,3,3,3,4,4,5,5,3,5,5,5,4,5,5,1,2,1,1,3,2,2,2,4,4,3,4,4,3,4,4,4,1,1,2,1,3,1,1,1,4,4,4,4,4,4,4,5,6,4,4,2,6,2,5,4,1,7,4,6,7,7,4,7,7,7
59,4,2,1,3,2,5,5,2,3,4,3,4,4,3,2,2,5,5,5,3,4,5,5,5,2,5,3,5,2,3,5,5,5,5,4,2,2,5,5,2,5,5,5,2,1,1,5,4,1,1,2,5,5,5,5,5,5,5,5,1,7,1,5,1,7,7,1,4,5,7,3,6,6,4,7,7,7
60,2,3,3,2,2,5,4,1,3,2,4,5,5,4,4,4,1,2,4,3,5,3,4,3,4,4,4,5,3,2,4,3,3,3,2,2,1,2,5,2,4,5,4,1,1,1,1,2,1,1,1,5,4,3,4,4,5,4,4,1,6,2,5,2,7,7,2,4,4,7,1,5,5,1,6,6,6
61,3,2,2,2,2,4,2,2,4,2,4,4,4,4,2,4,4,4,4,4,4,3,5,5,2,5,2,2,2,2,3,4,3,2,2,2,2,4,5,2,5,4,4,1,1,1,1,2,1,1,1,4,2,4,4,3,4,5,5,7,7,6,3,3,2,3,6,2,6,2,6,2,2,2,7,7,7
62,3,3,2,3,2,3,3,4,3,4,4,4,4,3,3,4,1,4,5,5,4,5,1,1,1,1,2,2,2,2,3,3,3,3,3,2,2,2,3,1,2,4,2,1,1,1,1,3,1,1,1,5,4,3,4,4,5,5,5,7,4,6,2,6,3,7,2,2,7,4,6,5,5,5,2,5,5
63,4,3,2,2,3,2,3,2,2,4,4,2,2,2,3,3,3,4,5,4,4,4,4,4,1,3,2,2,2,2,3,4,4,3,3,3,3,4,4,3,4,5,4,3,1,1,2,5,1,4,4,5,5,4,5,5,5,4,4,6,6,4,1,7,4,6,4,2,6,2,6,5,5,3,5,5,5
64,3,1,1,3,3,2,2,1,2,2,3,4,4,4,2,3,5,4,4,4,4,4,3,3,3,3,1,2,1,1,4,2,3,2,5,5,3,4,4,4,5,5,5,2,1,1,1,5,3,1,5,5,4,4,5,3,5,4,3,3,3,4,2,4,3,5,3,2,6,3,7,3,3,3,5,5,5
65,3,2,2,2,3,5,4,3,2,3,4,4,4,5,2,4,4,4,3,3,4,2,5,4,4,4,3,3,2,2,3,3,2,2,4,4,4,3,3,3,5,5,5,1,1,1,2,1,1,1,1,3,3,2,3,4,4,4,4,6,3,3,2,3,2,3,2,1,7,7,7,3,3,2,3,4,4
66,5,4,4,3,5,5,5,4,4,5,5,5,5,5,5,5,2,2,1,1,2,5,5,5,5,5,5,5,5,5,3,3,3,3,1,1,1,1,1,1,5,5,3,1,1,4,4,4,1,3,1,3,5,1,1,3,2,5,5,6,2,2,2,3,3,6,2,2,6,5,3,6,6,1,2,7,7
67,3,2,2,3,3,4,5,3,4,3,4,4,4,4,3,4,3,4,4,4,3,3,4,3,2,4,2,3,2,2,4,2,4,2,3,3,2,4,4,4,5,5,5,1,1,2,1,2,1,2,1,4,3,3,4,3,4,4,3,3,6,5,4,4,5,6,5,5,3,4,5,4,4,3,4,5,4
68,3,3,3,3,3,4,5,3,3,4,4,5,5,5,5,5,4,4,2,3,2,2,4,4,2,2,5,5,2,4,3,3,3,3,3,3,3,3,3,3,3,4,3,1,1,1,5,4,2,1,2,4,3,4,3,4,3,4,4,4,4,4,3,4,4,4,4,4,4,4,4,3,3,2,2,6,5
69,2,1,2,2,3,5,4,1,4,4,1,3,4,4,1,4,5,4,5,4,5,2,5,5,1,5,1,2,2,2,3,2,3,3,4,2,2,4,4,2,4,5,4,1,3,2,1,3,1,1,3,4,3,3,5,4,4,5,5,6,2,1,4,7,2,6,7,1,7,2,7,6,6,6,6,5,6
70,4,4,3,4,4,4,5,4,4,4,3,4,4,3,4,3,4,3,4,4,2,2,5,1,5,5,5,5,5,5,4,4,4,4,4,4,2,1,1,1,4,4,4,2,1,1,4,5,1,2,1,3,3,3,3,4,4,3,3,5,6,6,4,4,4,5,5,3,6,2,6,2,2,3,3,5,5
71,3,2,1,3,1,4,4,2,2,2,2,4,4,3,3,4,5,5,5,5,5,5,5,5,5,5,1,5,1,1,3,4,3,5,3,3,1,4,5,3,4,4,4,1,1,3,4,3,1,4,4,5,4,3,4,4,5,5,5,5,5,5,2,2,5,6,4,2,6,4,4,6,6,6,5,6,6
72,3,3,2,3,4,4,5,4,4,2,3,4,4,5,3,4,5,5,3,3,2,4,2,2,1,2,4,4,4,4,4,3,3,3,4,4,4,4,4,4,3,4,3,1,1,1,3,4,1,1,1,3,4,3,3,3,4,3,3,3,5,2,4,2,3,4,6,2,3,4,4,5,5,2,2,5,5
73,1,1,1,1,NA,NA,NA,NA,NA,NA,NA,NA,NA,NA,NA,NA,NA,NA,NA,NA,NA,NA,NA,NA,NA,NA,5,1,5,5,1,1,1,5,1,1,1,1,1,1,1,1,1,1,1,1,1,1,1,1,1,1,2,3,4,5,4,1,1,1,1,1,7,7,7,1,1,1,7,7,7,2,2,2,2,2,2
74,2,1,2,2,1,2,2,1,1,1,3,3,4,2,1,4,5,5,5,4,4,5,5,5,5,5,1,2,2,1,3,4,3,2,5,5,3,5,4,4,5,5,5,1,1,3,5,2,2,1,1,5,5,4,5,4,5,5,4,5,2,6,3,2,6,6,2,1,7,2,7,7,7,2,6,6,6
75,3,2,2,2,4,4,5,4,4,2,5,5,4,4,1,4,2,2,1,2,2,3,5,4,4,5,3,4,2,2,4,2,4,4,2,1,1,2,2,2,4,4,5,4,4,2,1,4,4,4,1,1,2,3,3,2,2,5,5,5,6,7,2,6,3,NA,5,2,6,5,2,2,2,2,2,6,6
76,3,2,2,3,2,4,4,3,2,4,3,3,3,2,3,2,4,5,5,4,5,4,5,5,4,5,4,4,4,4,4,5,4,4,5,4,4,4,5,3,5,5,5,1,1,1,1,2,1,1,1,4,4,3,4,4,4,4,4,3,6,3,4,3,6,7,5,3,3,3,4,6,6,4,6,4,4
77,4,2,3,4,2,5,5,4,4,4,3,5,5,5,5,5,4,4,4,4,2,3,3,2,2,2,5,4,5,5,3,4,4,4,4,3,4,3,4,3,4,4,4,1,1,1,3,2,2,1,1,4,4,3,4,2,4,4,4,6,5,4,2,6,3,5,3,2,6,2,6,6,6,6,5,5,5
78,4,3,3,2,3,4,4,3,3,5,4,3,4,4,2,3,3,3,4,4,3,3,5,4,4,5,2,4,4,4,3,4,3,3,2,1,1,2,2,1,3,4,3,1,3,3,3,4,3,1,2,4,2,4,4,3,4,4,3,5,2,4,3,5,3,4,5,2,6,2,6,5,4,2,4,5,5
79,3,2,2,3,2,3,4,2,2,1,2,3,3,3,3,4,5,5,5,5,5,3,5,5,3,5,2,3,2,2,3,3,3,3,3,2,2,4,5,4,5,5,5,2,1,1,4,1,1,1,2,5,4,3,4,3,5,4,4,6,5,2,4,6,2,6,6,1,7,4,6,2,2,2,6,6,6
80,4,4,4,4,2,4,5,5,4,5,5,5,5,5,3,4,4,4,4,4,4,2,4,3,3,4,3,4,3,3,5,5,4,5,1,1,1,4,2,1,5,5,5,1,1,1,3,1,1,3,2,4,5,3,4,4,5,4,2,1,6,2,7,2,7,7,2,6,1,6,4,6,6,5,5,4,4
81,3,3,1,4,4,3,4,2,3,2,2,3,4,2,2,4,4,4,4,4,4,4,5,4,4,5,1,1,1,1,3,3,3,2,5,5,3,5,5,2,4,5,4,1,1,1,1,5,1,4,2,4,4,3,4,4,5,4,4,7,2,3,2,6,2,6,2,1,7,5,7,6,6,6,6,5,5
82,4,3,2,3,4,4,4,4,4,4,4,3,3,4,3,4,3,3,5,5,3,3,4,4,1,3,4,4,4,4,5,5,5,4,3,3,2,3,3,2,4,4,3,5,1,1,3,4,1,3,3,4,4,4,4,3,4,3,3,4,3,3,3,4,4,5,2,2,6,2,6,6,3,2,2,6,5
83,4,3,2,3,3,2,5,3,4,4,3,2,1,1,3,1,4,5,5,5,5,5,3,2,2,3,5,5,5,5,5,5,5,4,3,3,3,4,5,4,4,5,3,5,1,1,1,3,2,2,1,4,4,3,4,3,4,5,5,5,7,3,5,2,6,7,2,4,7,5,3,5,5,2,3,7,7
84,3,2,2,4,3,5,5,4,2,4,1,2,2,1,2,2,3,5,5,4,5,5,5,5,5,5,4,4,4,4,3,5,5,5,5,5,3,4,5,3,5,5,5,1,1,1,1,3,1,2,1,5,5,3,5,3,5,4,4,3,7,4,2,6,2,7,2,1,7,4,5,7,7,6,7,4,4
85,3,1,1,2,2,4,3,1,2,2,2,3,4,3,2,3,3,5,5,4,4,4,5,5,5,5,4,4,3,4,3,2,1,2,5,5,5,3,3,3,4,5,5,1,1,1,3,4,1,1,2,4,4,4,4,4,4,5,5,6,2,5,3,6,3,3,2,2,6,3,6,6,4,6,6,7,6
86,4,2,2,4,4,4,4,3,2,3,2,4,4,4,3,3,4,5,5,4,3,4,5,5,4,5,3,4,4,4,4,4,4,4,4,2,1,4,4,2,4,3,3,2,1,2,3,3,2,3,3,4,5,3,3,3,4,4,3,3,5,4,4,3,3,6,3,5,3,5,4,3,2,2,3,4,3
87,2,1,1,2,1,1,3,2,3,2,1,2,3,2,1,4,5,5,5,5,5,5,5,5,5,5,1,2,2,1,2,3,2,2,5,5,4,5,5,3,5,5,5,1,1,2,4,4,1,1,1,4,3,3,4,4,5,5,5,7,1,6,1,7,1,2,6,1,7,2,7,6,6,3,4,7,7
88,5,4,3,2,2,4,4,2,3,4,4,4,5,5,4,4,4,5,4,4,4,3,3,3,2,3,4,2,4,4,4,3,3,3,3,3,2,4,4,3,3,4,4,5,1,5,2,3,1,1,2,4,3,2,3,3,3,3,3,5,6,2,5,2,NA,6,3,2,6,5,4,6,6,2,3,6,5
89,4,4,3,4,2,5,5,4,5,4,4,4,4,4,2,5,2,4,5,2,2,3,4,5,2,3,5,4,4,5,2,5,4,5,5,5,3,3,3,2,5,3,4,3,1,4,4,2,1,1,2,3,2,1,3,3,4,3,2,6,7,5,3,6,3,7,6,2,6,5,6,1,3,2,1,5,4
90,3,2,2,3,3,4,5,3,4,3,2,4,3,3,4,4,4,4,4,4,2,3,5,5,5,5,4,4,3,3,4,3,3,4,4,4,2,4,4,2,5,5,5,2,1,2,1,2,1,4,1,4,3,2,4,3,4,4,3,6,5,7,2,6,3,2,6,2,6,2,6,6,6,4,5,5,4
91,2,2,1,2,2,4,4,2,1,3,2,4,3,3,3,4,4,4,4,4,4,4,3,3,2,3,2,2,2,2,3,3,3,4,3,3,2,4,4,3,5,5,5,1,1,1,1,2,1,1,1,4,5,5,4,4,5,5,4,6,1,7,1,7,1,5,3,1,7,1,7,6,6,5,7,5,5
92,2,2,2,2,3,4,4,3,2,3,2,2,2,3,4,4,4,5,5,2,4,4,5,5,5,5,2,3,2,2,2,2,3,3,4,4,2,4,4,4,5,5,5,4,1,2,4,4,2,2,2,5,5,4,5,4,5,5,5,5,2,6,3,3,3,6,5,3,6,3,4,6,6,6,6,6,6
93,3,3,4,3,4,5,5,5,1,3,4,4,4,4,2,3,3,3,5,4,4,4,5,5,5,5,4,4,4,4,4,3,3,3,5,5,3,5,5,4,5,5,5,2,3,1,2,3,1,1,2,5,4,4,5,4,4,4,4,7,3,4,2,6,2,6,6,2,6,3,6,5,5,3,3,5,5
94,3,2,3,3,2,5,5,5,4,4,3,4,4,4,4,4,4,1,4,2,3,3,4,4,5,4,5,5,4,3,4,5,5,4,1,3,2,2,2,2,4,4,4,1,1,2,3,2,1,1,1,3,5,3,4,2,4,4,4,2,6,4,5,3,4,4,4,4,4,4,6,5,5,2,NA,3,3
95,4,4,2,5,1,3,4,2,3,4,2,4,4,5,5,4,4,5,5,4,4,3,5,4,5,5,4,4,4,4,4,5,4,5,4,2,3,4,4,4,4,4,3,2,1,1,1,2,2,2,2,4,5,3,4,3,4,3,3,3,6,2,3,4,3,5,3,2,6,5,7,6,6,6,5,5,4
96,4,3,3,2,1,5,4,2,2,3,3,4,4,3,3,3,3,4,5,4,4,4,4,4,4,4,2,4,2,2,3,2,2,2,3,3,3,3,4,4,5,5,5,1,1,1,1,1,1,1,1,5,4,3,3,4,4,4,4,6,3,6,2,6,2,2,3,3,5,2,6,1,1,1,2,6,6
97,4,4,3,5,4,4,4,4,4,4,4,4,4,3,4,4,4,4,3,2,3,3,1,4,1,3,5,4,5,5,3,3,3,3,3,3,3,4,3,3,4,3,3,1,1,1,3,4,1,4,2,2,3,2,3,2,3,3,3,4,7,1,4,3,6,7,1,5,3,3,3,4,4,2,2,5,4
98,3,3,2,1,1,1,1,1,2,1,3,4,2,3,2,4,3,5,5,5,5,5,5,5,4,5,1,1,2,1,2,2,2,2,2,2,2,4,4,3,3,5,3,1,1,1,1,3,1,1,1,4,5,4,4,4,4,4,3,6,5,6,2,6,2,6,5,1,7,4,3,6,6,6,6,6,6
99,3,2,1,3,4,2,2,2,1,1,4,5,5,3,4,4,5,5,5,5,5,3,5,5,3,5,1,2,1,1,4,4,3,2,4,4,3,4,4,3,5,5,5,2,3,2,1,4,1,1,1,5,5,5,5,4,5,4,5,7,2,2,2,1,3,2,2,2,6,2,6,3,3,1,1,6,6
100,2,2,1,3,3,4,3,2,5,4,3,2,3,3,3,4,4,4,3,3,4,4,2,2,2,2,3,4,4,3,3,4,3,4,5,5,3,4,4,2,5,5,5,1,3,2,2,3,1,3,2,4,2,2,4,3,4,4,4,3,5,6,4,3,5,1,6,4,3,2,7,2,2,1,3,6,5
101,3,2,1,2,4,4,4,2,3,2,3,3,3,3,3,3,3,4,4,4,2,4,3,2,1,3,1,1,2,2,4,4,4,4,4,3,3,5,5,5,5,5,5,2,1,2,2,2,1,2,2,4,4,3,5,3,5,4,4,5,7,3,5,2,5,7,3,4,5,5,5,6,6,3,5,7,6
102,3,3,2,3,1,3,4,2,3,2,3,3,3,4,3,2,4,4,4,4,3,4,5,5,4,5,2,2,2,2,4,4,3,3,4,4,2,3,3,2,4,5,4,4,2,3,4,2,3,3,5,3,3,3,4,4,4,4,4,6,4,6,3,6,2,2,2,2,6,2,7,6,6,4,5,4,4
103,3,2,1,4,4,3,4,4,4,3,5,5,4,5,4,5,4,1,5,5,4,3,5,5,5,5,4,4,3,3,5,2,5,4,3,4,1,3,5,1,2,5,3,1,1,2,3,4,2,3,1,5,4,3,5,4,4,4,3,4,4,3,3,5,5,7,1,4,4,5,6,3,2,6,4,3,3
104,4,2,2,3,3,4,4,2,2,4,4,4,2,2,4,2,4,5,5,5,4,5,5,5,5,5,4,5,4,4,3,1,4,5,5,5,4,5,5,3,2,4,3,2,1,1,2,2,1,2,3,4,4,2,4,3,4,4,4,2,6,2,5,2,5,6,3,2,3,5,3,6,6,3,3,5,5
105,1,1,1,1,1,1,1,1,1,1,1,4,5,5,4,5,5,5,5,5,5,3,3,3,3,3,2,4,2,2,3,3,2,3,5,5,3,5,5,3,5,4,5,1,1,1,1,1,1,1,1,4,4,4,4,4,4,4,4,4,4,4,4,3,5,4,4,5,3,4,4,4,4,4,4,4,4
106,3,2,2,3,2,4,4,3,2,4,2,2,4,4,4,4,4,4,4,4,4,4,4,2,2,3,4,4,4,4,3,3,3,3,4,3,3,4,4,3,5,5,4,1,2,4,4,4,1,1,4,4,4,3,4,2,4,4,3,5,5,3,3,3,4,5,3,3,5,5,3,5,5,2,6,2,2
107,3,3,2,3,2,2,4,1,2,2,3,4,4,3,3,4,4,4,4,4,5,4,4,4,2,3,2,2,3,2,4,4,4,4,4,3,3,5,5,5,3,5,4,2,1,1,3,3,2,2,2,4,4,5,4,4,4,4,5,6,4,2,2,7,2,6,2,1,7,7,6,6,6,2,5,5,6
108,3,2,2,3,3,2,2,1,2,4,2,4,3,4,3,4,2,4,4,4,5,5,5,5,5,5,2,2,2,2,4,4,2,2,2,2,1,4,4,2,2,4,3,1,1,2,2,4,1,1,2,4,5,5,5,4,5,4,3,6,5,5,1,6,2,6,6,1,7,2,6,4,4,4,4,6,6
109,1,1,2,2,1,3,2,2,1,2,1,1,3,2,3,2,5,5,5,5,5,4,5,5,5,5,1,1,1,1,3,3,2,2,3,3,2,5,4,3,4,5,4,1,2,1,2,3,1,2,1,5,4,3,4,3,4,5,5,6,2,6,2,6,2,3,4,1,7,2,7,5,6,4,4,6,6
110,4,4,4,4,3,4,3,4,4,2,4,4,4,5,2,4,2,4,2,4,2,4,2,4,1,3,5,5,4,1,3,3,3,2,2,2,2,4,4,1,5,3,3,1,2,1,4,4,2,2,2,3,3,3,3,3,3,3,3,3,6,4,4,4,4,4,4,4,4,4,4,2,2,4,4,7,7
111,3,2,1,1,2,4,5,2,3,4,3,4,4,4,2,4,5,4,5,4,2,5,4,4,2,5,4,4,3,4,3,4,3,3,3,4,1,4,4,2,4,5,5,1,1,2,3,3,1,2,4,4,5,4,4,4,4,5,4,5,5,5,2,5,4,5,5,2,6,2,5,3,3,6,6,6,6
112,4,3,2,3,5,5,5,3,3,5,3,5,5,5,2,4,3,4,5,5,3,4,3,2,1,4,3,4,4,5,5,4,4,5,4,4,4,3,4,3,4,4,4,2,1,2,4,4,1,2,4,4,3,2,4,3,5,4,3,2,6,4,5,3,6,6,2,5,4,5,7,2,3,3,3,5,5
113,4,3,3,2,4,5,5,3,2,4,2,5,5,5,3,5,4,5,5,2,3,5,2,4,1,2,3,4,4,4,5,2,5,4,2,4,3,3,3,3,4,5,5,2,2,1,3,2,4,4,4,5,5,3,4,2,3,5,5,4,6,6,1,2,2,NA,NA,NA,NA,4,4,4,4,3,3,7,7
114,4,3,2,3,1,5,5,3,4,3,5,5,5,5,5,5,3,4,5,5,2,3,5,5,5,5,5,5,5,5,4,4,4,5,3,2,1,4,5,2,4,5,3,1,1,1,3,2,1,1,1,3,3,2,4,3,4,3,3,6,5,4,2,3,2,7,2,1,7,5,7,5,5,3,4,4,4
115,3,2,3,2,3,4,5,3,4,3,1,3,3,3,3,2,5,5,5,4,3,4,5,5,5,5,4,5,5,5,4,3,3,4,5,3,2,3,4,3,5,5,5,3,1,1,2,3,1,1,1,5,4,5,5,5,5,5,4,4,5,4,2,4,3,6,3,4,4,5,6,2,4,3,6,7,5
116,3,4,4,2,4,3,4,3,4,4,4,5,5,5,4,5,3,3,4,4,3,3,3,2,2,3,2,3,2,2,4,4,4,4,3,2,3,3,5,3,4,4,5,2,1,3,2,4,1,2,3,4,4,3,4,4,4,3,3,3,6,2,6,2,6,7,1,4,3,6,4,6,6,6,6,3,3
117,2,2,2,3,1,5,3,2,1,4,4,5,5,2,1,5,5,5,5,5,5,4,5,5,5,5,1,2,1,2,2,3,4,4,5,5,5,3,2,2,5,5,5,1,1,1,1,1,1,1,1,3,5,5,5,5,5,5,5,6,1,4,1,7,1,2,2,1,7,4,6,2,2,1,1,7,7
118,3,1,1,3,1,3,4,1,2,5,1,4,4,3,4,4,2,4,4,5,5,2,5,4,2,4,5,4,4,5,5,2,5,4,3,3,2,3,3,2,5,3,3,1,1,3,2,5,1,1,2,3,3,2,3,2,3,4,3,5,7,3,5,3,3,5,3,3,5,5,3,5,5,1,3,2,2
119,2,2,2,2,4,4,3,4,3,2,4,4,4,4,5,4,4,4,2,2,4,3,3,4,2,3,3,4,3,4,5,3,3,3,4,3,3,3,4,4,2,4,3,3,1,4,4,4,3,3,3,4,2,2,2,2,2,2,2,4,5,6,2,3,2,6,5,5,3,3,4,3,4,5,5,4,4
120,2,2,2,3,2,3,2,2,2,4,3,4,2,2,2,2,4,5,5,2,4,3,1,1,1,1,1,1,4,1,2,3,3,2,5,2,2,4,5,4,5,5,5,1,3,2,2,5,1,5,2,4,3,1,4,3,4,4,3,6,4,6,2,6,3,5,7,2,7,4,6,4,3,7,7,4,4
121,3,2,2,2,2,2,4,2,2,2,4,4,4,5,3,4,4,5,5,4,5,4,3,3,2,2,1,2,1,1,4,4,3,3,5,5,4,5,4,3,4,4,4,1,1,1,1,3,1,1,3,4,4,4,4,5,5,3,4,6,4,3,2,6,3,6,3,2,6,6,6,6,6,6,6,6,4
122,2,2,1,3,2,2,2,2,2,4,2,3,4,3,3,4,4,4,3,4,5,4,4,3,2,4,3,4,4,2,2,4,2,3,3,3,2,4,4,2,3,4,3,1,2,2,2,4,2,3,2,3,3,3,3,4,4,3,3,6,2,6,2,6,4,5,5,2,6,2,6,4,5,5,5,4,4
123,3,2,2,3,2,2,2,2,2,4,2,2,2,2,2,2,4,4,4,4,4,4,4,4,4,4,1,4,2,2,3,3,2,2,5,5,4,5,5,4,5,5,5,1,1,1,2,3,1,2,2,4,4,3,3,4,4,4,4,6,3,6,2,6,2,3,2,1,7,1,7,6,6,6,6,6,6
124,3,1,2,2,4,4,4,2,2,4,3,4,4,3,3,2,3,3,4,3,2,4,5,5,3,4,2,2,3,2,4,3,3,2,3,4,3,4,4,3,4,4,4,3,1,3,2,3,2,3,2,5,5,4,4,3,4,4,5,6,5,6,3,4,3,6,5,2,6,3,6,6,6,4,4,3,3
125,4,3,1,3,2,4,3,4,2,4,4,4,4,4,4,4,4,4,5,3,4,4,5,5,5,5,4,4,4,4,3,4,3,2,3,4,2,4,4,4,4,4,4,2,2,2,4,4,2,1,3,4,5,3,4,4,4,4,4,7,2,5,2,7,4,2,2,1,7,2,7,6,6,2,4,4,4
126,3,2,2,4,1,1,4,1,1,1,1,4,5,2,2,2,2,4,5,5,5,4,2,3,2,2,3,2,4,2,3,3,3,4,4,4,3,4,4,4,3,4,3,1,1,1,1,1,2,2,1,5,5,5,5,4,5,5,5,6,4,5,2,2,3,6,5,4,3,4,4,5,5,1,2,3,2
127,4,3,3,3,2,5,4,2,5,4,2,4,4,4,2,5,3,4,2,3,4,4,3,3,2,4,5,4,5,5,5,4,3,3,5,4,5,3,4,4,4,5,4,5,3,1,2,2,1,3,1,3,3,1,1,2,3,4,4,2,4,5,4,1,6,6,6,5,3,2,7,3,4,4,7,6,6
128,2,2,2,2,1,3,4,2,3,2,2,4,3,4,3,4,5,5,4,5,4,5,4,4,3,5,2,4,2,2,3,3,2,2,3,4,3,4,4,3,4,4,4,1,1,2,5,3,2,2,4,4,5,4,5,4,5,4,4,5,5,4,4,3,5,4,5,6,6,3,7,5,5,5,7,6,5
129,2,2,1,2,2,3,4,2,2,3,3,4,3,4,2,3,4,5,4,4,5,4,5,5,5,5,1,2,2,2,4,2,2,3,5,5,5,4,4,4,3,4,3,2,1,2,3,4,2,2,2,4,4,2,4,4,4,5,5,6,5,2,2,6,2,6,2,2,6,6,5,6,6,5,5,5,5
130,2,2,2,2,2,2,4,2,3,2,2,2,3,3,4,3,4,4,4,4,4,4,5,4,5,5,2,2,2,2,3,2,3,2,3,3,3,4,4,4,3,4,3,1,1,1,1,1,1,1,1,4,4,3,4,3,4,5,5,6,5,5,3,6,3,5,2,2,6,3,6,3,3,6,6,6,6
131,3,2,2,3,2,4,2,2,2,2,4,4,4,4,4,4,4,4,4,4,2,3,5,5,5,5,4,4,2,4,3,3,2,2,3,4,1,4,3,1,4,4,4,1,1,2,4,4,1,2,1,4,5,4,4,4,5,4,3,6,2,6,2,6,4,3,6,2,6,2,6,5,5,6,6,5,4
132,3,3,3,4,4,5,5,5,4,4,4,4,3,4,3,3,3,3,4,2,2,3,4,4,3,4,4,4,4,4,4,5,5,4,1,1,1,2,2,2,2,3,2,3,2,2,2,4,2,3,3,3,4,2,3,2,3,3,3,4,5,3,5,3,5,6,2,4,5,5,4,5,2,2,2,2,1
133,5,5,3,3,4,5,5,5,4,4,5,5,5,5,2,5,3,3,4,1,4,4,3,3,2,2,3,4,4,4,4,4,4,4,3,3,3,3,3,3,4,4,4,1,1,1,1,1,1,1,1,4,3,2,3,2,4,2,2,2,5,3,5,3,4,6,3,3,6,4,6,1,1,5,5,1,1
135,3,2,2,3,2,3,3,2,2,2,2,4,4,4,2,4,4,5,4,3,4,4,3,3,3,3,1,2,2,2,4,3,4,2,4,5,4,4,4,4,5,4,4,5,2,2,3,3,1,1,2,4,4,4,4,3,4,3,3,5,2,6,4,4,3,3,5,3,5,3,6,5,5,4,4,5,4
136,1,2,2,2,1,1,2,1,2,1,2,3,3,1,3,1,4,4,5,5,5,5,5,5,4,5,2,2,2,2,2,2,2,2,4,3,2,3,3,3,5,4,4,1,1,1,2,2,1,1,1,3,4,3,4,4,5,4,4,5,5,3,2,6,3,6,3,2,6,3,4,7,7,5,6,6,7
137,3,2,3,2,2,4,3,2,2,3,4,4,4,4,3,4,3,2,5,3,4,4,4,4,3,4,2,2,2,2,5,3,3,3,4,4,2,4,4,3,3,4,3,2,2,4,2,5,1,2,4,4,3,3,3,4,4,4,4,5,6,2,3,3,3,6,2,3,5,5,3,5,5,3,3,5,5
138,4,2,3,4,2,5,5,4,1,4,5,3,5,3,3,3,4,5,5,5,4,4,3,3,3,3,5,5,5,5,5,4,5,1,3,3,2,3,3,3,5,5,5,1,1,1,5,3,1,3,1,5,4,4,4,4,3,5,5,5,6,2,5,2,4,4,4,4,4,3,4,2,2,2,2,5,5
139,2,3,2,4,1,1,4,1,4,2,1,1,1,2,1,5,5,5,4,5,5,5,1,1,1,1,1,1,1,1,2,3,4,2,5,5,5,5,5,5,3,5,4,1,1,1,1,1,1,1,1,5,5,5,5,5,5,5,5,7,1,2,2,6,2,1,1,1,2,2,7,1,1,1,5,3,3
140,3,3,2,3,1,2,3,2,3,3,4,3,3,3,2,3,3,4,5,4,3,4,4,4,3,4,3,4,2,3,3,2,3,3,3,3,3,3,3,3,4,4,3,4,3,3,4,2,2,2,3,3,3,3,3,3,3,3,3,4,4,4,4,4,4,4,4,4,4,4,4,3,3,1,1,4,5
141,4,4,2,2,3,2,4,4,2,5,5,5,5,5,3,5,3,4,4,4,3,3,4,4,3,4,3,3,4,4,4,4,3,4,1,1,2,4,4,4,3,4,3,1,1,1,3,2,1,3,2,2,2,3,2,3,3,2,1,2,7,2,6,1,4,6,4,5,4,2,3,1,1,2,6,4,4
142,2,2,2,2,2,2,2,2,2,5,3,3,3,4,2,4,5,5,5,5,5,5,5,5,4,4,4,4,4,4,2,2,2,2,5,5,3,5,5,3,5,5,5,1,1,5,3,4,1,3,3,2,5,4,2,3,4,5,5,5,3,2,2,5,2,3,2,2,6,2,6,3,3,4,4,5,5
143,3,3,2,2,2,4,5,2,3,2,2,2,3,3,2,5,3,4,3,3,4,3,4,4,4,4,2,2,3,3,4,4,4,4,4,4,2,4,4,3,4,4,4,1,1,2,2,2,1,2,2,4,3,3,4,4,4,4,4,5,4,2,6,3,5,6,3,4,4,5,6,7,7,3,4,5,5
144,2,2,1,2,1,1,1,1,2,2,1,3,4,4,2,5,5,5,5,5,5,5,3,3,2,3,2,2,2,2,2,1,2,2,5,5,3,4,5,3,4,4,4,1,1,1,1,4,1,1,1,4,4,4,4,5,5,3,3,7,1,7,2,6,2,1,6,1,7,1,7,5,5,6,6,6,6
145,4,4,2,2,1,2,4,2,1,4,2,5,3,3,2,4,1,2,5,5,5,4,5,5,5,5,4,4,4,4,5,4,3,3,2,1,1,2,2,2,5,5,5,1,1,1,1,1,1,1,1,5,5,4,5,4,5,4,4,6,1,5,2,7,2,5,1,1,7,5,7,6,6,6,5,6,6
146,2,1,3,2,2,4,4,2,2,2,2,3,4,3,2,5,4,4,4,4,4,2,5,5,4,5,2,3,2,2,4,4,4,3,5,4,2,4,3,2,4,5,4,2,2,2,3,2,1,1,2,4,4,4,4,4,5,4,4,5,2,2,2,6,2,6,2,2,6,5,6,6,6,6,5,7,6
147,2,2,1,2,1,1,2,2,4,2,2,5,4,2,3,1,4,4,5,4,4,4,5,5,5,5,2,2,2,2,3,3,3,3,2,1,1,2,2,2,3,4,3,3,1,1,2,3,1,1,2,4,5,4,5,5,5,4,4,6,4,4,2,6,4,4,4,5,4,6,6,3,3,2,2,6,6
148,4,4,2,3,4,5,5,5,4,2,5,5,5,5,2,5,2,4,2,1,2,1,3,3,2,4,4,4,4,4,4,5,5,4,2,3,4,3,4,2,4,5,4,1,1,2,2,2,1,3,2,3,2,2,3,3,4,3,2,2,3,2,3,3,2,7,1,5,3,7,3,4,3,2,4,2,2
149,2,2,1,2,2,4,1,3,2,4,3,4,4,4,2,3,5,4,5,3,4,4,4,4,2,4,1,2,2,2,3,2,2,2,1,1,1,3,3,2,4,4,3,2,1,3,3,2,2,4,4,4,5,4,5,5,4,4,3,1,2,7,6,3,6,5,5,5,3,4,7,5,6,2,4,5,5
150,3,3,2,3,1,1,1,1,2,1,3,5,5,4,4,5,4,5,5,5,4,5,5,5,5,5,2,2,2,2,3,2,3,2,5,5,3,5,5,4,4,4,4,1,1,1,1,2,1,1,1,4,5,4,5,5,4,3,4,6,5,6,4,2,2,7,3,3,6,4,4,5,5,6,6,5,5
151,3,3,3,4,4,4,4,4,3,4,1,5,4,2,4,3,1,3,4,3,3,2,3,3,3,3,5,5,5,5,5,5,5,5,2,2,1,4,4,4,4,3,3,1,1,1,2,4,1,1,2,4,1,1,3,3,3,4,4,2,6,6,6,2,6,6,2,5,3,6,2,5,5,5,3,5,5
152,4,4,3,4,4,4,3,4,2,4,4,3,3,2,3,4,4,4,5,4,4,4,1,1,1,2,5,5,5,5,3,3,4,3,2,2,2,3,4,3,5,5,4,5,2,2,4,4,3,2,1,4,3,3,4,3,4,3,3,5,5,6,2,6,4,2,6,2,6,2,6,2,1,3,4,3,3
153,3,3,2,2,2,2,2,1,2,2,4,4,4,4,2,3,4,4,5,5,4,4,5,5,5,5,2,4,3,2,3,4,4,4,5,5,4,5,5,3,4,5,4,1,1,1,2,2,1,1,1,4,4,4,4,4,4,4,4,6,5,3,2,6,2,6,2,2,7,4,6,7,7,6,6,5,5
154,5,4,3,3,3,5,5,3,5,5,5,5,5,5,4,5,3,4,3,2,3,5,3,3,2,3,5,5,5,5,5,4,4,4,2,2,2,5,5,5,4,5,4,2,2,2,4,4,1,1,1,2,1,2,3,3,4,3,3,1,6,2,2,4,4,7,4,3,5,5,1,1,1,1,2,4,3
155,4,3,3,4,3,3,4,3,3,4,3,3,4,4,3,4,3,4,5,4,4,3,4,4,4,5,4,5,4,4,4,4,3,3,4,2,2,3,4,3,3,4,3,2,1,1,4,4,2,2,3,3,4,3,4,4,5,3,3,6,5,2,2,6,2,6,3,2,7,3,6,6,6,5,5,4,4
156,4,3,1,4,5,4,5,5,3,5,3,3,3,3,3,3,5,5,2,4,2,2,3,2,1,3,4,4,4,4,5,4,4,4,5,5,3,4,4,3,5,3,4,1,1,3,2,2,1,2,1,3,2,2,3,3,4,3,3,5,5,3,2,5,3,7,4,2,6,4,7,2,1,6,4,5,5
157,3,3,2,4,4,5,5,4,4,4,5,5,5,5,3,5,4,3,5,4,1,3,5,5,2,4,1,2,2,2,4,1,5,5,4,3,2,4,4,2,4,4,4,1,1,1,1,4,1,1,1,4,3,2,4,2,4,4,4,3,7,1,5,3,5,6,1,5,4,6,4,6,6,2,2,6,6
158,4,3,2,3,1,4,5,3,4,3,1,4,4,5,3,4,3,4,5,3,3,3,5,5,5,5,4,4,4,4,5,3,5,4,5,5,3,4,5,3,4,4,4,1,1,2,1,2,1,1,1,4,4,3,4,4,4,4,4,6,4,4,3,5,4,5,3,2,7,5,7,7,7,5,6,6,5
159,4,3,2,4,4,4,2,2,2,4,3,4,4,4,2,4,3,4,3,3,3,3,4,3,1,3,3,4,3,3,3,4,3,1,2,3,2,3,4,3,5,5,5,1,1,3,2,4,3,2,2,4,4,3,4,4,4,4,3,2,4,3,6,2,4,5,4,5,3,5,5,2,2,2,4,3,3
160,5,4,2,4,5,4,3,4,4,5,4,2,3,5,2,5,4,5,2,4,1,3,1,1,1,1,5,5,4,5,3,3,4,3,2,3,3,4,4,3,4,4,4,2,1,2,2,4,1,1,3,2,1,2,4,4,4,4,4,6,6,6,2,6,3,3,4,2,6,6,1,2,2,2,5,4,4
161,2,3,2,2,1,4,1,2,4,2,2,5,4,4,2,4,5,5,4,5,5,4,2,2,1,2,1,1,1,1,2,4,2,2,5,5,4,5,5,3,4,4,4,2,2,4,4,5,2,2,4,4,5,3,4,5,5,4,4,7,3,5,3,5,3,5,5,1,7,3,6,6,6,5,7,7,6
162,3,3,1,3,2,1,4,1,2,1,4,2,5,5,1,5,4,4,4,4,5,2,5,2,1,2,1,1,4,1,2,4,2,3,5,5,4,5,5,4,5,5,4,1,1,4,2,5,1,3,2,5,4,5,5,5,5,3,3,6,5,3,2,6,2,6,3,1,7,3,7,4,4,3,6,3,3
163,3,3,2,3,3,4,4,2,4,4,3,4,3,3,4,3,4,4,4,3,4,4,4,3,3,4,4,4,4,4,4,3,3,4,2,2,2,2,3,3,4,4,4,3,1,2,4,3,2,2,1,4,4,2,4,3,4,4,3,5,6,4,4,3,5,6,3,4,4,6,4,4,5,6,5,6,6
164,4,3,2,1,4,5,3,2,3,3,2,3,2,3,2,1,2,3,2,4,1,4,4,3,2,4,2,4,3,3,3,2,3,3,3,3,3,4,3,3,4,4,3,3,4,3,3,3,2,2,3,4,3,4,4,4,2,3,4,5,5,3,4,2,3,6,6,4,5,4,6,2,2,1,1,3,2
165,3,3,1,4,4,4,4,4,4,4,2,4,4,5,4,5,5,4,2,2,3,2,3,1,1,2,4,4,4,4,5,5,5,5,3,3,2,4,4,2,5,4,3,1,1,2,3,4,2,3,4,3,2,4,4,2,5,4,3,2,5,7,7,1,7,5,2,7,1,6,6,7,7,3,5,3,2
166,2,3,1,2,2,1,2,2,2,1,2,3,3,4,3,4,5,5,4,3,4,4,4,4,4,4,1,1,1,1,2,2,2,2,5,5,5,5,5,5,5,5,5,2,1,3,4,3,2,3,3,4,4,3,4,5,4,3,3,5,3,5,3,5,3,5,4,3,5,4,4,5,5,5,6,3,3
167,2,2,2,3,4,4,5,2,3,4,4,4,3,3,3,3,4,4,4,4,4,4,4,4,4,4,4,5,4,4,2,3,3,4,4,5,4,4,4,4,4,4,4,1,1,1,1,4,1,1,4,4,4,3,3,3,4,4,4,5,5,5,3,3,3,5,5,3,5,3,5,3,3,2,5,6,5
168,3,2,1,2,4,2,3,2,2,1,4,4,5,4,2,5,5,5,4,5,5,5,5,5,5,5,1,1,1,1,2,3,2,2,3,2,1,4,3,3,5,5,4,1,1,2,1,4,1,1,1,5,4,3,5,5,5,4,5,6,1,2,2,6,2,6,6,2,7,2,7,5,5,5,6,6,5
169,3,3,3,2,3,2,2,2,2,2,3,4,4,4,4,4,4,4,4,4,3,4,5,5,5,5,3,4,3,3,2,2,2,2,4,4,2,3,3,2,4,4,4,2,1,1,2,1,1,1,1,4,4,3,4,4,4,4,4,5,5,6,2,2,3,5,6,2,6,2,6,6,6,2,2,5,4
170,3,3,2,2,1,1,4,4,2,4,4,5,5,5,2,5,4,5,1,1,4,1,4,3,2,4,2,4,2,2,5,4,4,1,4,5,4,5,5,3,1,3,3,2,3,2,4,2,1,2,2,1,1,3,2,3,4,3,3,6,2,6,3,2,3,2,2,2,5,3,7,3,3,5,6,4,2
171,3,3,3,3,4,5,4,3,3,4,4,4,3,4,2,4,3,3,4,4,3,4,4,4,2,4,3,4,4,4,5,4,4,3,3,3,3,3,3,2,5,3,4,3,2,2,4,4,1,2,4,4,4,3,4,4,4,4,3,6,5,5,3,5,2,7,2,2,2,6,5,6,6,6,3,3,4
172,1,1,1,1,1,2,2,1,1,1,2,3,3,2,4,3,5,5,5,4,3,5,5,5,5,5,1,1,1,1,2,2,2,2,5,5,3,5,5,3,4,5,4,1,1,1,1,3,1,1,1,5,4,5,5,4,5,5,5,7,1,7,1,7,2,2,6,1,7,2,7,6,6,6,6,7,7
173,3,1,1,1,1,1,2,2,1,2,3,4,4,2,2,4,5,5,5,5,5,5,5,5,5,5,3,2,3,3,3,2,2,2,5,2,2,3,5,3,5,5,5,1,1,1,1,1,1,1,1,5,5,4,4,4,5,5,5,7,4,5,1,7,1,7,2,1,7,5,7,6,6,2,3,6,5
174,2,2,1,3,3,4,5,5,4,4,5,5,5,5,1,5,5,5,3,2,1,4,1,1,2,2,4,5,5,5,4,4,5,5,4,3,3,3,3,3,5,5,4,1,1,1,1,1,1,1,1,4,4,2,3,2,2,4,4,2,6,2,6,2,6,7,1,4,4,4,6,4,4,3,4,4,3
175,3,2,2,2,1,2,1,1,1,3,3,5,4,5,2,5,5,5,5,5,5,5,5,5,5,5,4,5,4,4,3,2,2,2,5,5,2,5,4,2,5,5,5,1,1,1,2,3,1,2,2,5,5,4,5,5,5,4,4,6,6,6,2,6,2,5,3,2,6,7,7,6,6,4,6,6,6
176,2,1,2,2,3,1,5,3,4,1,4,4,5,4,3,5,3,4,4,3,5,2,3,3,3,4,2,1,2,2,2,4,4,3,3,3,2,4,4,3,4,4,4,1,1,1,4,3,1,1,1,3,4,3,3,3,4,4,4,3,2,3,2,3,4,6,3,2,6,6,5,5,5,4,4,5,5
177,3,2,1,3,4,4,2,2,2,4,4,4,4,4,4,5,4,5,5,4,4,4,4,2,2,3,1,1,2,2,4,4,4,2,5,5,5,5,5,5,4,4,4,1,1,1,1,2,1,1,1,5,5,4,5,3,4,4,3,5,2,3,5,3,6,3,2,5,2,3,5,3,5,3,5,3,2
178,3,3,4,4,3,4,2,2,4,4,4,4,3,4,3,4,3,4,4,4,4,2,5,4,2,5,5,4,5,5,2,2,2,3,4,3,3,3,4,4,4,4,4,5,2,4,4,2,4,4,4,5,5,4,5,5,5,5,5,6,5,2,5,2,3,7,3,1,6,5,7,5,5,3,3,5,5
179,2,2,2,2,2,2,2,2,2,2,2,3,4,3,2,3,4,4,4,4,4,4,4,4,4,4,2,2,2,2,2,2,2,2,4,3,3,4,4,2,3,4,3,1,1,1,1,2,2,1,1,4,4,3,4,4,4,4,4,6,2,6,2,6,2,2,6,1,7,2,7,6,6,4,4,4,4
180,1,1,2,2,2,5,5,2,4,1,1,1,1,5,1,5,5,5,5,5,5,4,3,3,2,2,5,5,4,5,5,5,5,5,5,5,2,5,5,5,4,5,5,1,1,1,1,1,1,1,1,4,4,3,5,5,5,4,4,6,2,7,5,3,5,7,2,6,2,5,7,1,2,1,7,5,5
181,4,2,3,3,2,4,4,3,2,2,3,5,5,5,4,5,4,4,4,3,3,3,4,4,2,4,2,4,4,4,4,4,4,3,5,5,4,4,5,5,4,4,5,1,1,1,1,1,1,1,2,4,3,3,4,4,4,4,4,3,2,3,5,3,5,4,4,3,5,4,5,5,5,5,5,6,6
182,4,3,3,4,2,2,4,3,2,4,5,5,4,5,3,5,3,5,5,4,5,4,5,4,2,5,2,2,2,2,4,3,4,4,5,5,3,5,5,4,4,5,5,1,1,1,2,2,1,2,1,5,5,4,5,3,5,3,3,1,2,3,2,3,5,7,2,1,7,4,7,7,7,1,5,5,5
183,3,1,2,2,2,5,5,1,1,3,3,4,4,5,2,5,4,4,5,4,5,4,5,5,5,5,3,4,3,3,4,4,4,5,3,3,2,4,4,4,5,5,5,1,1,1,3,3,1,1,1,5,5,3,5,3,5,5,5,1,7,4,7,1,5,6,4,6,3,4,6,7,7,2,2,5,5
184,2,1,2,1,2,1,4,1,2,2,1,4,3,5,3,5,4,5,4,5,5,5,3,3,2,3,2,2,2,2,3,1,2,2,5,5,4,5,5,4,5,5,5,1,1,3,3,2,1,2,3,5,5,4,5,5,5,5,5,5,3,6,2,6,1,2,6,2,6,2,7,2,2,2,4,5,5
185,4,3,2,3,1,2,5,3,2,4,2,5,5,3,2,4,5,5,5,5,3,5,5,5,5,5,2,2,2,2,3,3,3,3,5,5,4,4,5,3,4,4,4,1,1,1,2,2,1,2,3,5,5,4,5,4,5,4,4,3,6,3,2,3,4,7,2,3,3,6,6,3,4,6,5,6,5
186,2,2,2,3,3,2,2,2,1,2,1,1,2,2,2,2,4,5,5,4,4,5,5,5,5,5,1,2,1,2,2,2,3,2,5,5,5,5,5,4,5,5,5,1,1,2,1,1,1,2,2,5,4,3,4,4,5,4,4,5,2,2,3,6,3,5,2,1,7,4,7,6,6,6,6,6,4
187,2,2,1,1,2,2,2,2,2,3,2,5,5,5,5,4,5,5,5,4,4,5,5,4,3,5,2,1,1,1,4,4,4,4,4,4,2,5,5,5,5,5,5,2,1,3,3,3,1,3,1,5,3,3,5,5,5,5,5,6,5,3,2,5,2,5,3,1,7,5,4,4,4,5,6,6,6
189,3,2,2,2,2,2,4,2,2,2,2,4,3,2,2,2,3,4,4,4,5,5,5,5,5,5,4,4,4,4,3,3,2,2,5,5,5,3,3,2,5,5,5,1,1,1,1,2,1,1,1,5,4,3,4,4,5,4,4,7,5,3,1,7,2,7,2,1,7,3,7,3,3,6,6,6,5
190,3,2,3,3,2,3,2,3,3,2,2,3,3,3,3,5,4,4,4,4,1,3,5,5,4,5,1,1,1,5,2,3,2,2,2,2,2,4,4,4,4,4,4,4,1,1,1,4,1,1,4,4,2,4,4,4,4,3,3,6,4,4,2,6,2,2,4,2,6,6,6,5,6,5,3,3,3
191,3,2,1,3,1,5,4,1,4,4,1,3,1,1,2,1,5,5,5,5,5,5,5,5,2,5,3,4,4,4,5,4,4,4,5,4,4,4,4,4,5,5,5,5,2,2,2,3,2,2,2,5,5,3,4,5,5,5,5,5,6,2,6,2,6,6,2,5,5,6,7,6,6,7,7,7,7
192,4,3,1,2,2,2,2,2,2,2,3,4,4,5,4,4,3,3,4,4,4,4,4,2,4,4,2,2,2,2,3,3,3,2,4,4,2,3,3,1,4,5,4,1,1,1,1,2,1,1,1,3,3,3,3,4,3,4,5,4,2,6,4,4,4,2,6,2,6,6,6,4,4,5,4,6,6
193,2,2,2,3,1,4,1,3,1,1,3,4,4,3,4,5,5,5,5,5,5,3,5,5,5,5,1,1,1,1,3,1,2,1,4,4,4,4,4,4,5,5,5,5,1,2,1,2,3,2,2,4,4,4,4,5,4,4,3,6,6,3,4,4,5,7,1,1,7,5,5,3,3,4,7,5,5
194,4,4,3,4,4,5,5,3,3,4,3,4,3,4,3,4,4,5,5,5,5,4,5,5,5,5,4,4,5,5,5,4,5,4,2,2,3,4,4,4,5,5,5,1,1,1,2,4,1,2,2,5,5,2,4,3,5,3,4,3,6,4,3,4,4,7,3,5,3,4,4,5,5,3,3,6,6
195,3,2,2,1,1,3,5,2,3,2,3,4,3,3,3,4,5,5,5,5,5,5,5,5,5,5,3,5,4,4,4,5,5,4,5,3,3,3,4,5,3,5,4,2,1,2,2,4,1,1,1,5,5,3,5,4,5,5,5,7,6,2,1,7,2,7,2,1,7,1,7,6,7,3,6,6,6
196,3,2,2,2,1,4,5,1,3,2,2,4,5,3,4,4,5,5,5,5,5,5,4,4,2,4,2,4,2,2,5,4,4,4,3,3,1,5,5,2,4,5,5,1,1,1,2,4,1,1,3,5,3,3,2,3,4,4,4,6,6,5,2,6,2,6,5,1,7,6,7,7,7,3,4,5,4
197,3,2,2,3,3,4,3,2,2,4,1,1,1,2,4,3,4,4,5,5,3,4,5,4,2,5,2,4,4,4,3,3,3,3,4,2,3,3,3,2,4,5,4,2,1,3,2,5,1,1,4,5,4,3,4,5,4,4,3,6,6,6,2,6,2,7,1,2,6,2,6,7,7,5,6,3,3
198,1,1,1,3,3,2,4,1,4,2,1,4,5,5,3,5,4,4,5,3,4,4,5,5,5,5,3,4,2,2,3,5,3,5,5,5,5,5,5,4,5,5,3,1,1,1,3,5,2,1,2,5,5,5,5,3,5,5,5,5,7,2,2,6,3,7,3,2,6,3,7,3,3,5,3,7,7
199,2,4,2,3,4,2,2,2,2,4,4,5,5,4,3,4,5,5,4,2,5,4,5,5,2,4,2,2,3,1,3,2,3,2,4,4,4,4,4,4,5,3,4,1,2,3,2,5,2,2,1,4,3,3,4,4,5,5,5,4,7,3,5,3,3,5,5,5,3,3,3,3,2,4,6,7,7
200,2,2,3,4,4,5,5,5,4,4,4,4,4,5,3,4,5,5,5,2,3,5,5,1,5,5,4,4,2,3,4,4,4,4,3,2,4,5,3,3,5,5,5,5,1,1,1,3,1,1,1,5,4,4,5,5,5,5,5,3,5,2,3,2,6,7,1,4,4,6,7,6,6,6,6,7,7
201,3,3,2,3,4,3,4,1,2,4,1,3,1,2,1,3,4,5,5,5,4,5,5,4,4,5,2,2,2,2,3,3,3,2,4,4,3,5,5,3,5,5,5,2,1,1,3,4,1,2,2,4,5,3,5,4,5,5,4,6,3,6,2,7,2,5,5,1,7,2,7,3,5,6,6,6,6
202,3,3,3,2,1,4,4,2,2,4,3,4,4,3,2,3,4,5,5,5,5,4,5,5,5,5,4,4,2,2,4,4,4,4,3,3,3,3,4,4,4,4,4,1,1,2,2,4,1,3,1,5,5,3,4,4,4,4,4,5,7,2,6,5,3,7,2,2,6,6,6,5,6,6,5,5,5
203,5,5,3,5,4,5,5,5,2,4,5,5,5,5,4,5,3,4,1,1,1,2,4,4,1,4,5,5,5,5,5,5,5,4,2,3,3,3,2,3,2,2,2,1,1,1,1,2,1,1,1,2,1,2,2,3,2,4,3,3,7,6,6,2,6,6,2,5,3,4,4,1,1,1,1,5,5
204,4,4,3,5,3,5,3,4,2,5,3,4,4,5,5,5,4,4,4,4,3,4,4,2,2,3,3,4,4,4,3,2,4,4,2,2,3,4,3,2,4,5,3,1,1,1,2,4,1,4,3,3,3,3,4,2,4,4,4,6,2,3,2,6,3,3,5,3,5,3,5,3,3,5,5,5,5
205,3,2,3,3,4,2,4,2,4,4,2,2,4,2,2,2,4,4,4,5,5,5,2,4,2,2,2,3,2,2,2,5,3,3,5,5,3,4,4,4,2,4,3,4,2,4,4,4,2,3,2,3,4,4,4,4,4,4,4,5,5,6,3,5,2,6,2,1,7,2,6,1,1,1,3,2,2
206,3,3,4,3,2,2,4,3,3,2,4,4,4,4,5,4,2,3,4,3,3,4,5,4,4,5,2,3,3,3,3,4,4,4,2,2,1,3,3,3,4,3,3,3,1,1,2,3,1,2,2,4,3,3,4,4,4,4,4,5,5,4,3,5,5,6,3,3,5,4,5,5,5,6,5,5,5
207,3,3,2,3,3,2,4,2,5,4,4,4,4,4,2,5,3,4,3,2,3,2,2,2,2,4,2,2,3,3,3,3,3,2,5,5,3,4,5,3,4,5,4,2,2,2,1,4,1,1,2,4,4,4,5,4,5,4,4,6,5,6,2,5,2,5,5,2,6,3,5,3,3,6,7,5,5
208,4,4,2,4,4,4,5,4,5,4,5,5,4,4,3,4,4,4,4,4,4,4,4,4,2,4,4,4,4,4,4,5,4,4,4,3,3,3,3,2,2,3,2,1,1,2,1,4,1,2,1,4,3,2,4,3,4,3,3,6,6,2,2,6,2,6,2,2,6,6,6,6,6,6,6,5,5
209,3,2,2,2,1,3,4,2,2,2,3,3,3,4,3,3,4,4,5,5,5,4,4,3,4,4,3,3,3,3,2,3,3,3,5,4,2,4,4,1,5,5,5,2,2,2,3,5,2,3,3,5,4,3,4,3,4,4,4,6,7,1,5,4,4,7,1,2,6,6,4,5,5,4,4,4,4
210,3,2,2,3,2,2,2,2,2,2,2,4,4,4,3,5,3,3,5,5,3,4,5,4,2,5,3,3,3,3,3,3,3,2,4,4,3,3,3,3,4,4,4,1,1,1,1,1,1,1,1,4,4,4,4,4,4,4,4,4,4,4,4,4,3,4,4,5,4,4,4,1,1,4,4,4,4
211,3,3,2,2,2,1,3,2,4,5,5,5,5,5,3,4,3,4,4,5,4,4,5,4,2,2,2,2,4,3,3,3,2,2,4,4,4,3,4,4,3,4,4,1,1,1,1,1,1,1,1,4,4,3,4,2,5,3,3,3,5,6,2,3,5,5,6,3,5,3,6,1,2,2,2,3,3
212,4,3,2,3,1,5,5,3,2,2,4,4,5,5,5,5,5,5,5,2,2,5,5,5,5,5,5,5,5,5,5,5,5,1,3,3,1,5,5,4,5,5,5,1,1,1,1,2,1,1,1,5,5,5,5,5,5,4,5,1,7,1,2,1,7,7,1,7,1,7,1,7,7,2,2,6,6
213,2,1,2,3,4,5,4,1,2,2,3,4,4,3,2,4,5,4,5,5,5,4,5,5,1,5,2,2,2,2,4,1,3,3,5,4,4,3,3,1,4,5,5,1,1,1,4,2,1,1,2,5,4,3,5,5,5,4,4,6,7,3,1,6,2,6,2,1,7,6,5,6,6,5,6,3,3
214,3,1,3,3,4,5,4,2,2,5,4,4,4,5,4,5,4,4,4,5,4,4,5,5,5,5,4,4,4,3,4,4,3,3,3,2,2,3,4,3,5,5,5,1,1,1,1,4,1,1,1,5,5,3,4,5,5,4,4,6,5,5,2,6,2,5,3,1,7,5,7,7,7,6,6,3,3
215,3,3,2,4,2,2,4,3,2,2,5,4,4,2,2,1,4,4,4,5,5,5,5,5,5,5,1,2,1,1,4,4,4,4,4,4,4,4,4,4,5,5,5,4,1,4,3,5,4,4,4,5,5,5,5,5,5,4,4,4,5,2,2,4,2,6,3,2,6,6,6,6,6,6,6,6,6
216,3,3,2,3,4,5,5,3,4,3,3,4,2,4,2,5,4,5,3,4,4,4,4,4,3,4,5,5,5,5,5,4,4,4,4,4,2,4,4,2,5,5,5,2,2,3,4,4,2,2,4,2,4,2,3,3,5,4,4,3,6,3,5,2,7,7,2,5,3,3,4,6,6,4,6,5,3
217,3,3,2,3,4,4,4,2,3,4,2,4,5,5,4,5,3,4,4,4,2,4,1,1,1,1,4,3,4,4,4,4,3,4,4,4,3,5,5,3,4,5,4,1,1,2,2,3,1,2,3,4,3,3,4,3,4,4,3,5,6,3,5,4,5,7,2,2,6,5,4,5,4,2,4,3,3
218,4,4,3,5,5,4,4,4,3,4,4,5,5,5,3,4,3,3,4,4,2,4,2,2,1,2,4,4,4,4,4,4,4,4,4,3,2,3,2,1,3,3,2,2,1,3,2,3,2,2,2,3,3,3,3,2,3,3,4,3,6,6,5,2,5,6,4,5,3,4,4,1,2,3,4,5,5
219,3,2,3,2,2,3,3,1,3,2,3,3,2,3,3,3,4,5,5,5,5,4,3,4,2,3,1,3,2,2,3,4,3,3,3,2,2,4,3,3,3,4,3,5,1,1,2,3,1,1,3,3,3,3,3,4,3,4,4,5,5,2,3,3,5,6,3,5,3,5,4,6,6,6,4,6,6
220,3,2,3,2,2,2,4,2,2,1,2,4,4,3,2,2,4,5,5,4,5,4,5,5,5,5,2,2,2,1,2,2,1,2,4,4,3,3,4,4,4,5,5,1,1,1,2,2,1,1,2,5,5,4,5,5,5,5,5,7,7,6,1,6,2,7,6,1,7,1,6,2,2,6,7,6,6
221,4,4,4,4,3,5,5,3,4,4,3,3,4,3,4,4,3,4,5,5,4,3,4,4,2,3,4,4,4,4,4,2,4,4,2,1,1,2,3,2,2,4,3,2,3,1,3,3,2,3,4,2,4,1,3,3,4,3,3,3,6,3,4,4,6,6,2,4,4,6,4,3,3,3,6,4,4
222,2,2,1,2,1,2,1,1,1,2,3,3,3,2,2,3,4,5,5,5,5,5,5,5,5,5,1,1,1,1,3,2,2,2,5,5,3,4,5,3,3,5,3,1,1,2,1,2,2,1,1,5,4,4,4,5,5,4,4,6,3,4,2,4,2,7,4,2,6,5,7,6,6,3,6,6,6
223,4,3,2,4,5,4,4,3,3,4,3,4,4,4,2,4,4,5,4,5,3,4,3,3,1,3,2,4,3,3,3,2,4,3,4,4,4,4,4,4,4,4,4,1,1,1,1,2,1,1,2,4,3,3,4,2,3,3,3,4,5,5,4,4,4,6,3,4,5,5,4,6,6,6,7,5,5
224,3,3,3,3,2,4,5,4,3,3,3,4,4,4,2,3,3,4,4,3,4,5,4,4,4,4,2,4,3,3,4,4,3,3,4,4,3,4,4,4,5,5,5,5,1,1,1,2,1,2,1,4,4,3,4,5,5,5,5,6,6,5,2,6,2,6,2,2,6,2,6,5,5,6,6,7,7
225,3,3,2,3,4,4,2,2,2,2,4,4,4,4,2,4,4,4,5,4,2,4,4,4,2,4,2,2,1,1,3,2,3,2,4,4,3,2,3,3,4,4,4,2,2,2,1,4,2,3,4,3,3,3,3,4,4,3,3,6,5,6,2,6,3,5,5,2,6,2,6,6,6,4,6,4,4
226,2,1,2,2,2,4,4,2,2,3,3,5,4,3,3,4,4,4,4,4,4,4,5,5,5,5,3,4,4,3,3,4,3,3,4,5,3,4,4,3,5,5,5,2,1,2,2,4,1,2,2,4,4,3,5,3,5,5,4,5,6,5,2,5,3,6,3,2,6,3,6,6,6,4,6,6,5
228,4,3,3,3,3,4,5,3,3,4,3,3,2,3,3,4,4,4,5,4,5,4,3,2,4,2,5,4,2,2,3,4,3,3,4,3,2,3,2,2,2,4,4,1,1,1,1,2,1,1,1,4,3,2,3,3,4,4,5,6,2,4,2,6,4,5,6,2,6,4,4,2,3,4,3,6,5
229,3,3,3,2,4,4,5,1,5,4,2,4,4,4,4,5,5,4,4,4,4,5,5,5,5,5,4,4,2,3,4,4,4,4,3,4,3,3,3,2,5,5,5,1,1,1,3,4,2,2,2,4,4,2,4,4,4,4,4,5,5,2,5,4,4,6,2,4,4,4,3,3,3,3,3,5,6
230,2,3,3,4,2,5,5,2,3,2,2,3,3,2,5,1,5,5,4,5,5,5,5,5,5,1,2,2,3,2,3,3,3,3,5,5,4,5,5,3,4,5,3,1,1,1,2,4,2,3,1,5,5,2,3,4,5,3,2,6,7,2,2,7,2,7,1,1,7,7,4,5,5,5,5,2,2
231,4,3,4,3,4,3,4,3,2,4,4,4,5,5,5,5,2,3,4,3,4,4,3,3,1,3,2,2,3,3,3,3,2,3,3,3,3,3,3,3,4,4,3,4,2,1,1,2,1,2,1,3,3,2,3,4,4,5,5,2,5,3,7,1,7,5,2,5,3,5,5,2,2,1,1,6,6
232,3,3,2,3,2,2,4,2,2,2,2,5,4,4,4,4,4,4,5,4,4,3,4,4,4,4,2,2,2,2,3,4,4,3,4,5,4,4,4,3,5,5,5,1,1,2,1,2,1,2,1,5,5,5,5,5,5,4,4,6,5,5,2,4,3,6,2,2,6,6,5,3,3,2,5,3,3
233,3,3,2,3,4,4,2,2,2,4,2,4,2,2,4,2,2,2,4,4,4,2,4,2,2,2,5,5,4,4,4,4,3,4,3,3,3,3,3,3,3,4,4,2,4,4,4,4,2,4,2,4,4,3,3,3,3,4,3,3,5,3,2,3,3,5,3,3,5,5,3,1,2,5,5,6,6
234,4,4,2,2,3,2,2,2,2,4,4,4,4,3,3,4,2,3,4,4,4,4,5,5,5,5,3,3,3,3,3,3,4,4,4,3,2,3,4,2,4,4,3,1,1,1,2,3,1,1,1,4,4,3,4,2,3,3,2,4,4,2,3,5,5,6,3,3,5,5,4,6,6,2,6,5,3
235,4,3,3,4,2,3,5,4,4,2,3,3,3,5,4,5,4,4,5,5,3,4,5,5,5,5,5,5,4,5,5,5,5,5,3,2,2,3,2,4,5,5,5,1,1,1,3,4,1,3,3,5,5,4,4,3,4,3,4,5,6,3,5,2,3,6,6,5,3,5,4,6,6,3,4,3,3
236,4,3,2,3,5,5,5,4,2,5,3,3,2,5,4,5,4,4,4,3,2,3,3,3,3,3,5,5,5,5,3,3,3,5,3,4,2,3,3,3,4,4,4,1,1,1,1,2,1,2,1,3,3,2,3,3,4,3,3,4,7,4,3,3,3,6,4,4,4,4,3,1,1,1,1,5,4
237,4,3,3,3,3,4,5,3,4,4,2,2,3,4,3,4,3,5,4,4,3,4,2,1,1,2,2,2,2,2,4,4,4,4,4,4,4,4,4,4,5,4,4,5,2,4,4,5,1,2,2,2,3,3,4,3,3,5,5,3,7,5,5,2,7,7,2,4,4,5,5,4,4,1,5,3,3
238,1,2,3,2,1,2,2,1,2,2,2,4,2,2,2,1,4,4,5,4,5,4,5,5,5,5,2,2,2,2,3,3,3,2,3,4,3,4,4,3,5,4,4,2,1,2,5,4,4,4,4,5,5,4,5,3,5,5,5,NA,NA,NA,NA,NA,NA,NA,NA,NA,NA,NA,NA,NA,NA,NA,NA,NA,NA
239,2,3,2,3,4,4,4,3,4,4,4,4,4,4,4,4,3,3,4,3,4,4,4,4,4,4,3,3,3,3,3,3,3,2,3,3,3,3,3,3,4,4,4,2,2,2,2,3,2,2,2,4,4,3,4,4,4,4,3,6,4,2,2,5,2,2,2,2,6,2,6,2,2,2,2,4,4
240,2,1,2,1,1,1,4,1,2,2,4,3,2,2,2,1,5,5,5,5,5,5,5,5,5,5,3,2,4,4,4,3,4,4,5,5,5,4,4,3,1,5,5,5,1,1,2,5,1,1,1,5,5,5,5,5,5,5,5,6,2,5,1,7,2,6,5,1,7,7,6,7,7,5,5,5,5
241,3,3,3,3,4,5,5,4,4,4,4,5,5,5,2,5,5,5,2,2,3,4,5,5,5,5,4,4,4,4,5,5,4,4,5,5,4,5,5,5,5,5,5,1,1,2,1,5,1,3,2,4,4,5,5,4,5,4,4,6,6,4,3,5,3,7,3,1,7,2,7,6,6,2,3,4,5
242,4,3,2,4,3,4,4,3,2,4,4,5,4,5,4,4,4,5,4,3,4,4,NA,NA,NA,NA,4,5,5,5,5,4,5,5,5,3,4,4,5,3,4,4,4,1,1,3,4,4,2,3,3,4,3,3,4,5,4,4,3,4,5,2,5,3,7,6,3,3,5,3,5,1,1,1,4,5,5
243,3,3,2,4,1,4,4,3,2,4,4,5,5,4,4,3,3,4,5,5,2,2,5,5,5,5,2,4,3,2,4,3,4,3,4,5,2,2,2,2,5,5,5,2,1,3,5,4,2,4,4,5,5,3,4,3,5,4,4,2,6,2,6,2,6,7,2,4,4,6,5,6,6,2,2,6,6
244,3,2,2,2,1,4,4,2,3,3,1,5,5,2,4,4,4,4,4,4,4,4,5,5,2,5,2,2,4,2,4,3,4,4,3,3,1,4,5,4,5,5,5,1,1,1,1,1,1,2,1,4,2,3,3,4,5,2,2,2,2,2,5,2,7,6,1,3,3,5,6,5,5,4,6,2,2
245,3,4,3,4,3,4,5,3,5,3,4,4,5,5,4,5,4,3,3,4,4,3,4,3,2,4,4,4,4,4,4,4,4,4,2,2,3,3,3,2,2,3,3,3,4,3,3,3,2,3,2,2,3,3,4,3,4,3,2,3,4,3,6,3,5,5,4,3,5,5,6,6,6,3,4,3,3
246,3,2,3,2,4,4,3,3,2,4,4,4,2,2,4,3,4,3,2,4,4,3,5,5,4,4,4,2,3,4,3,3,4,3,3,2,3,3,3,3,3,4,3,2,2,2,2,3,1,1,1,4,2,2,2,3,3,3,3,5,4,5,4,5,5,4,5,5,4,2,5,5,5,2,2,3,2
247,4,4,2,4,2,1,2,2,2,4,5,3,3,4,4,3,5,4,5,5,4,5,5,4,3,4,1,2,2,2,3,3,4,4,4,4,4,5,5,5,4,4,4,1,1,2,2,4,2,2,1,4,4,4,4,4,4,4,4,6,5,5,3,6,2,4,5,2,7,5,6,5,5,1,4,2,1
248,3,3,2,3,4,4,5,5,4,4,1,4,5,5,3,4,5,5,4,4,2,4,3,3,2,3,2,3,2,3,3,3,3,2,5,5,4,5,5,2,5,5,5,1,1,1,1,2,1,1,1,3,2,3,4,4,4,3,4,5,6,2,3,3,5,4,3,5,5,6,3,3,3,2,7,5,4
249,3,4,3,3,2,5,5,1,4,5,1,5,5,5,4,5,3,4,5,4,4,4,4,4,3,4,5,5,5,5,5,2,4,5,5,5,3,4,5,4,5,5,5,1,1,1,2,4,2,2,2,3,3,3,4,3,4,3,3,7,2,6,2,7,2,7,6,1,7,1,7,6,6,5,7,4,3
250,4,3,2,2,5,4,4,4,3,4,4,4,4,4,2,4,3,4,3,2,2,2,2,2,1,2,3,4,3,4,3,3,4,3,5,5,4,4,4,4,4,4,4,1,1,2,2,2,1,2,2,4,4,4,3,4,4,3,4,4,5,5,3,2,4,5,5,4,3,3,3,6,6,6,6,4,3
251,2,2,2,2,1,2,2,1,1,1,2,2,3,4,2,4,4,5,5,5,5,5,2,2,2,2,2,2,2,2,3,2,2,2,5,5,3,5,5,2,4,5,4,1,1,1,1,4,1,1,2,5,4,4,5,4,4,3,3,7,2,6,1,7,1,2,6,1,7,2,7,5,5,6,6,4,3
252,3,2,1,3,2,4,5,4,3,4,3,4,5,4,2,4,3,5,5,4,4,4,5,5,4,5,4,4,4,4,3,3,3,4,2,4,2,5,3,3,4,5,3,1,1,2,2,3,2,2,3,5,3,3,4,3,4,4,4,4,5,2,4,5,5,4,2,4,4,5,7,6,6,3,5,3,2
253,3,2,2,2,1,3,3,2,2,2,3,3,4,3,3,3,4,5,5,5,4,4,5,5,3,4,3,3,2,2,3,4,2,3,1,2,1,4,5,3,4,4,4,1,1,2,2,2,1,2,2,4,4,4,4,4,4,4,4,2,3,4,5,3,5,5,4,4,5,4,6,2,3,2,4,6,5
254,3,2,3,2,3,5,4,3,4,5,4,4,5,4,2,4,2,2,4,4,4,2,5,5,2,4,4,5,4,5,2,4,3,3,3,2,2,3,3,3,4,4,4,5,4,3,4,5,4,5,4,3,3,3,4,4,4,3,3,6,3,5,4,3,2,6,6,2,6,5,7,5,5,1,2,2,6
255,2,1,1,2,1,1,1,1,3,5,1,4,1,1,2,5,5,5,5,5,5,5,5,5,5,5,2,2,2,2,4,3,3,2,5,5,2,3,5,2,5,5,5,1,1,5,5,5,1,1,5,5,5,4,5,5,5,4,4,5,1,4,2,6,4,6,3,1,7,4,7,6,6,6,6,5,5
256,2,2,1,3,1,1,4,1,2,2,2,5,5,3,3,3,4,3,5,4,5,4,4,4,2,4,1,2,2,2,4,4,4,3,5,5,4,4,5,4,5,5,5,2,1,2,2,3,1,2,2,5,4,4,4,4,4,4,4,6,5,3,2,4,5,6,2,2,6,5,5,5,5,4,5,5,5
257,3,3,2,4,3,4,3,3,2,2,5,5,4,5,1,4,4,4,2,4,4,3,5,5,1,1,2,3,2,2,4,3,3,3,3,1,1,4,4,4,4,4,3,4,2,2,3,5,1,2,1,3,3,4,5,4,3,3,3,5,4,5,2,5,3,4,4,3,5,2,5,5,5,2,2,2,2
258,3,2,2,2,2,5,4,2,2,4,4,4,4,3,3,4,4,4,5,5,4,4,5,5,4,5,4,4,4,4,4,4,4,4,4,5,3,4,5,3,4,4,4,1,1,2,4,3,2,2,1,5,4,4,3,3,3,4,5,6,5,4,2,6,2,7,3,2,6,4,5,6,6,3,5,6,6
259,4,2,2,3,4,2,5,2,3,4,4,4,4,4,4,4,3,4,5,3,4,4,5,5,5,5,4,4,4,4,4,4,4,4,4,3,2,3,3,2,3,4,3,1,1,1,2,2,1,1,1,5,5,5,5,4,5,4,4,6,6,3,3,4,3,6,3,3,5,5,2,6,6,3,3,3,3
260,3,1,1,2,2,4,4,2,2,4,3,4,4,4,1,4,5,5,5,5,5,4,5,4,2,5,2,3,3,3,4,2,2,2,5,5,3,5,5,3,4,5,4,1,1,2,2,4,1,1,2,5,5,3,4,3,5,5,4,6,2,3,2,6,2,5,3,1,7,4,7,6,6,4,7,3,3
261,3,2,1,2,3,4,4,3,4,3,4,5,5,4,3,4,4,4,4,2,3,4,5,4,3,3,1,5,5,5,4,4,5,4,4,3,3,3,4,3,4,5,4,4,1,3,4,4,1,1,1,4,4,3,3,3,4,5,5,5,6,2,4,2,4,6,1,1,7,7,7,5,5,3,2,6,7
262,3,2,2,1,1,5,5,1,3,1,2,3,2,3,2,3,4,5,3,3,5,5,5,2,3,5,4,4,3,3,4,4,4,4,5,5,3,4,4,2,5,5,5,5,1,3,3,4,1,1,2,5,4,3,4,2,4,5,5,6,6,2,1,7,1,6,1,1,7,7,6,7,7,4,6,7,7
263,2,2,2,2,3,1,1,1,2,1,1,2,2,4,2,4,5,5,5,5,5,3,5,5,1,5,1,1,1,1,2,3,3,2,5,5,5,5,5,5,5,5,5,1,1,1,1,2,2,1,1,5,5,5,5,5,5,5,5,7,2,6,1,7,1,5,7,1,7,1,7,7,7,7,7,7,7
264,3,2,3,2,4,5,5,4,3,4,2,3,5,5,2,5,5,5,4,2,3,3,5,1,5,5,4,4,3,3,4,4,3,4,3,3,3,4,4,4,4,4,4,4,1,1,3,3,1,1,1,3,4,3,3,3,4,4,4,5,5,2,2,6,2,6,5,2,6,6,6,6,6,3,3,3,2
265,4,3,2,2,3,4,4,3,2,4,5,5,5,5,3,5,5,5,5,4,4,4,5,5,5,5,5,5,4,5,4,5,4,4,3,3,2,4,3,1,4,5,4,4,2,2,3,1,1,2,1,5,4,2,4,3,3,4,3,6,5,4,2,5,5,7,3,2,7,2,5,6,6,5,5,6,6
266,3,2,2,3,4,5,4,2,2,4,4,5,4,5,4,5,4,5,5,4,4,4,5,5,5,5,2,4,2,2,4,3,4,4,5,5,4,5,5,4,5,5,5,1,1,1,2,4,1,1,1,4,4,3,4,3,4,4,4,7,5,3,2,6,2,6,3,1,7,4,5,6,6,6,6,6,6
267,4,3,2,3,4,5,5,3,5,5,3,4,4,5,2,5,2,3,4,5,3,4,4,4,3,4,4,4,5,4,4,3,3,4,3,4,2,4,3,3,4,5,5,4,2,3,3,5,2,1,3,5,3,3,3,4,5,4,4,5,5,2,4,5,3,4,3,2,5,2,6,5,4,2,2,2,6
268,3,3,2,4,4,2,2,2,2,4,2,4,4,4,4,4,4,4,4,4,4,4,2,2,2,3,2,2,2,2,3,4,3,2,5,5,4,3,4,2,4,3,4,1,1,1,1,1,1,1,2,4,4,3,4,4,3,3,3,5,2,2,5,3,4,5,2,2,6,6,6,2,2,3,5,5,3
269,3,3,3,3,4,4,4,3,3,4,4,4,4,4,3,5,4,3,4,3,2,4,4,4,1,5,3,4,3,3,4,4,4,4,3,3,2,3,3,2,4,4,4,1,1,1,1,1,1,1,1,4,4,3,4,3,4,3,3,3,5,4,5,3,4,5,4,4,4,4,5,3,2,3,3,3,3
